_BACKGROUND,Habituated vs Novel Differentially Methylated Genes,Habituated vs Silence Differentially Methylated Genes,Novel vs Silence Differentially Methylated Genes
MED31,LOC115494452,GRIP2,FOSL2
MED23,SHANK2,ATP5PO,PLXNB1
PANK3,VPS28,ANP32A,NCOR2
POMP,GRIP2,MBNL1,MEIS1
ENTPD2,RAI1,COPA,ABCA2
ELOVL6,LOC100229769,ATP2B3,CCT3
RBX1,ATXN1,LOC100190483,CACNA2D2
RPL26L1,NFIA,LOC100219247,SOX2
UXT,COPA,LOC100221185,PCDH19
NDUFA8,NCOR1,NFE2L1,FEN1
PRELID1,LOC115498155,MRPL24,
RPS15A,NFE2L1,DLGAP4,
CNIH3,ATXN1L,ZBTB46,
ZNF706,ZNF618,CASKIN1,
RPL27,DLGAP4,EEF1D,
LOC100190349,OXR1,HECTD4,
SAP18,KMT2D,ROBO1,
EMC2,LOC100229373,TNRC18,
LYRM7,ZFHX4,EIF4G1,
RAB18,NUDCD3,MAP2,
LOC100219261,FRYL,AKAP8L,
ELOC,KDM2B,DGKZ,
SELENOK,HECTD4,GPC4,
TMEM208,ARMC6,LOC115498242,
MRPL53,NEDD4L,KANSL1,
ACOT7,KLHL4,LOC100229272,
VPS29,UBL5,LOC121468025,
PRDX1,ZBTB1,MINAR1,
DYNLRB1,JCAD,BTBD10,
RPS24,VIT,NFIC,
CEBPZ,MTSS2,ACHE,
PSMA2,ALKBH5,GNB4,
MRPS18C,AGRN,GRIN1,
ERG28,ZNF385C,SOCS5,
LOC101233348,LOC100229272,LOC115491769,
RPL35A,ACHE,TANC2,
LOC115493340,NEURL1B,ZNF638,
COX6C,LOC100228810,PPM1H,
LOC115494452,CTIF,WSB2,
CNOT2,TIMP2,ABCA2,
COMMD2,TENM2,SPTBN1,
ATRN,PPP1R11,TENM2,
NDUFB2,SAMD4A,ZSWIM5,
LOC105758592,RBMS3,RBMS3,
MED18,ATG101,LOC121468710,
YTHDC1,ATG7,MRPL55,
ISCA1,L3MBTL1,ATG7,
BARHL2,CREBBP,DNAJC3,
ZFR,POLD1,PLPP3,
RPL31,GART,CCDC47,
EEF1B2,PIK3R6,DNAJB12,
LOC115496092,FKBP9,RPL19,
RFX1,RPL19,RAB40C,
RPL15,SRC,ARHGAP32,
FAM120A,LOC100222565,IL1RAPL2,
COX7C,FAM83H,LOC100231535,
TRAPPC6B,IGSF11,UBE2L3,
TAB2,ASTN1,OVOL1,
CRIPT,PLEC,FOXG1,
RPLP1,ETV3,DDA1,
MCTS1,LOC100225649,LOC100231812,
MRPL32,CACNA1B,KALRN,
RPL9,PCMTD2,PLEC,
SMIM18,PNKD,ETV3,
H3F3B,FGF9,TTC28,
SHANK2,FAT3,PIP5K1C,
TMEM60,TMEM121,CDH2,
ECH1,SERTAD2,LSP1,
EIF3A,ISG20L2,MDGA2,
THOC2,BACH2,ISG20L2,
NDUFA1,ANKH,BACH2,
VPS25,PPP2R1A,ZNHIT1,
REXO2,CACNA1H,GRID2,
LOC100190491,LOC100223647,CACNA1H,
VDAC3,ST3GAL2,ST3GAL2,
LOC116807250,PLEKHA6,CWC25,
RPS19,CNTN2,PLEKHA6,
LOC100190667,TYK2,CNTN2,
RPL39,ZC3H3,TYK2,
NDUFV2,NAXD,ZC3H3,
CTSH,SLC12A5,TNS3,
BRSK2,LOC100229500,RBFOX1,
NDUFB9,TNIK,FRMD6,
FAM136A,RASSF8,SCAF4,
SNRPG,ZCCHC24,AGAP3,
NUBP1,LRTM2,TNIK,
LRRC4C,MIB1,RASSF8,
LOC101233002,,BSG,
ERGIC1,,RTN4R,
TXN,,,
GTF2A2,,,
SS18L2,,,
LOC121470754,,,
VPS28,,,
POLR2D,,,
FAM91A1,,,
LOC115496706,,,
GRIP2,,,
LSM8,,,
STOML2,,,
SUB1,,,
RPL3,,,
DIPK1B,,,
MAGOH,,,
LOC100224365,,,
NIPBL,,,
RPS3A,,,
FAM163B,,,
PITPNM2,,,
SKA2,,,
YLPM1,,,
UBE2V2,,,
SOD2,,,
TAF12,,,
IP6K2,,,
PKM,,,
BMPR2,,,
MPC2,,,
LOC100190467,,,
EPB42,,,
RPL17,,,
LOC116806757,,,
PRR16,,,
MYH10,,,
SERP1,,,
LOC100190380,,,
ENY2,,,
CHMP5,,,
UCHL1,,,
SEM1,,,
LOC121470656,,,
TET2,,,
RTRAF,,,
SPCS1,,,
RPS8,,,
RPL34,,,
TMEM50A,,,
DNAJC21,,,
RAI1,,,
LOC100229769,,,
SPRYD7,,,
NIP7,,,
PNPLA8,,,
RAN,,,
SLC22A23,,,
NDUFAF4,,,
ATP5PO,,,
GNMT,,,
PSMA3,,,
NDUFA12,,,
COX7A2,,,
SETD9,,,
RARRES1,,,
RPL22,,,
RPS7,,,
RPL23A,,,
HIGD1A,,,
FBXO11,,,
LSM5,,,
HSPA9,,,
PSMD14,,,
ATP2B2,,,
RPS16,,,
RPL14,,,
TP53BP1,,,
MRPL33,,,
RAD54L2,,,
HMGN3,,,
POLR1C,,,
XPO5,,,
RPL23,,,
CMC1,,,
NUS1,,,
PTPRF,,,
UBE2N,,,
PSMB3,,,
RPL5,,,
RPL22L1,,,
EIF5A2,,,
TMEM167B,,,
SNRPD3,,,
URI1,,,
NKAIN3,,,
LIG3,,,
CHCHD2,,,
LOC101233349,,,
RIPPLY2,,,
UBE2B,,,
MFF,,,
PSMC4,,,
DAP3,,,
ZDHHC17,,,
DEGS1,,,
KLHL36,,,
MEX3D,,,
G3BP2,,,
KDM5B,,,
NACC2,,,
RPS23,,,
TMA16,,,
SIK3,,,
UBA3,,,
RPL38,,,
LOC100190436,,,
DR1,,,
RPS13,,,
ANKRD28,,,
NDUFC1,,,
EEF1E1,,,
CBWD1,,,
LOC100189939,,,
UCHL3,,,
ITGB1BP1,,,
DNAJC5,,,
LOC100219389,,,
RPL28,,,
ARID2,,,
ACAT2,,,
RFX7,,,
ATXN1,,,
ZC3H7A,,,
ANGPT2,,,
RAB39B,,,
ANP32A,,,
PITHD1,,,
MTOR,,,
RAB5C,,,
UTP23,,,
LOC115493922,,,
DVL1,,,
RPS9,,,
SMAD7,,,
MED27,,,
RPL8,,,
SMIM11A,,,
RPS14,,,
CRMP1,,,
GPR85,,,
CHD6,,,
CIAO2A,,,
TULP4,,,
LOC115492298,,,
PPID,,,
AKT3,,,
RPS11,,,
LOC100221862,,,
SCAF8,,,
GOLGB1,,,
SRGAP3,,,
MEA1,,,
NDUFA6,,,
NUDT21,,,
UBXN7,,,
EPB41L3,,,
SUMO1,,,
TMSB4X,,,
RANBP1,,,
PPP3CB,,,
LOC100224270,,,
TBCA,,,
TMEM231,,,
STMP1,,,
CANX,,,
USP24,,,
GLYR1,,,
EIF2S2,,,
YRDC,,,
OXSR1,,,
RBM6,,,
USP34,,,
PITPNM3,,,
DCTN5,,,
NRCAM,,,
SLC5A3,,,
RABL6,,,
NPM1,,,
CLTA,,,
ZNF217,,,
RPL27A,,,
ATP6V0B,,,
SLC25A14,,,
NFIA,,,
PAN3,,,
AAK1,,,
TM2D3,,,
CISD1,,,
LOC100220716,,,
APLP2,,,
AP3S2,,,
RPS4X,,,
ZBTB34,,,
DIP2B,,,
MAD2L2,,,
MRPS27,,,
ABCF2,,,
ZNF462,,,
LOC121469516,,,
LOC105758513,,,
FBXO30,,,
LOC100218923,,,
GOLGA3,,,
ASH2L,,,
LOC100232533,,,
CEPT1,,,
GSK3B,,,
ARHGAP22,,,
ZMYND8,,,
BTF3,,,
SPAST,,,
ABRAXAS1,,,
DYNC1LI2,,,
LOC115492946,,,
ACYP2,,,
LOC116806864,,,
PSMB1,,,
SPTSSA,,,
RBMX,,,
ATF4,,,
ARHGEF9,,,
CEND1,,,
GRM3,,,
ITFG1,,,
GJB1,,,
MBNL1,,,
RAPGEF5,,,
DCAF4,,,
EIF3E,,,
SST,,,
LOC100189957,,,
H3F3A,,,
IER3IP1,,,
COX6A1,,,
MARCHF4,,,
LOC100219828,,,
NDUFA2,,,
ROMO1,,,
OCIAD1,,,
LOC101233484,,,
USP31,,,
COPA,,,
HBS1L,,,
MAP4K5,,,
FAM98A,,,
TRAPPC2L,,,
ATP2B3,,,
LRIG2,,,
LOC115493513,,,
OSBP2,,,
HSPE1,,,
SLC25A6,,,
AKAP9,,,
PHF14,,,
NHLH2,,,
LOC121469685,,,
LOC100190483,,,
PPIA,,,
REEP5,,,
LOC121468903,,,
NOP10,,,
LOC121469088,,,
PI15,,,
TUSC3,,,
LONP2,,,
HINT1,,,
LOC116806894,,,
TNRC6B,,,
DOT1L,,,
SEC11C,,,
SUMO2,,,
SLC8B1,,,
TPCN1,,,
ZC3H11A,,,
EXOSC8,,,
NDUFA11,,,
PGBD5,,,
CLASP2,,,
NCOR1,,,
TRMT1L,,,
UQCR11,,,
PPP1R7,,,
RPS21,,,
LOC100231893,,,
PRMT5,,,
GMPPB,,,
RPS2,,,
RPL7,,,
LOC115497309,,,
DDX10,,,
PRRG3,,,
LOC115498155,,,
PTPN4,,,
DCP1A,,,
LOC100219247,,,
PAFAH1B1,,,
MAP6,,,
LY86,,,
GNAS,,,
NUP88,,,
LOC100221185,,,
XRN2,,,
UPF1,,,
LOC100230361,,,
GCN1,,,
SREK1,,,
RICTOR,,,
NTRK2,,,
LUC7L3,,,
LOC100190507,,,
LOC100226437,,,
CEP85L,,,
LOC115494669,,,
NFE2L1,,,
ATXN1L,,,
TXNL4A,,,
TSEN15,,,
LOC100230122,,,
YTHDF2,,,
GMEB1,,,
DTD1,,,
ATP5MC3,,,
CPLANE1,,,
SIN3B,,,
ARCN1,,,
UPF2,,,
TNS1,,,
JARID2,,,
NME6,,,
TSPAN13,,,
LOC100190143,,,
AKIRIN2,,,
ADRA2A,,,
ERH,,,
MTLN,,,
BUB1,,,
LAPTM4A,,,
DUSP16,,,
NAV2,,,
POU2F1,,,
UBN2,,,
RERE,,,
TRAPPC4,,,
TMX1,,,
ATP1A1,,,
IRS4,,,
ATP6V1G1,,,
SREK1IP1,,,
TOMM20,,,
TBC1D19,,,
ZNHIT2,,,
LOC100226832,,,
SART3,,,
ARL3,,,
AP3D1,,,
FTH1,,,
TALDO1,,,
LOC101234101,,,
UNC50,,,
UBE2J1,,,
MRPL34,,,
ITGB1,,,
TNFRSF9,,,
FH,,,
SNX24,,,
TMBIM1,,,
LOC115490609,,,
NDUFAF3,,,
CDC27,,,
LOC100189937,,,
HIF1AN,,,
KIF1B,,,
LOC100228000,,,
GPATCH3,,,
ZNF618,,,
TIMM9,,,
MEF2D,,,
REEP2,,,
NCBP2AS2,,,
FAM117B,,,
ATP6V1B2,,,
DPM1,,,
BCAS2,,,
SKI,,,
GNPTG,,,
PAK5,,,
NCKAP1,,,
SMIM14,,,
MRPL24,,,
LOC115497903,,,
CPEB3,,,
SELENOM,,,
TMX2,,,
NDUFB1,,,
SERF1A,,,
ATP5PF,,,
BOD1,,,
GTF2B,,,
AMFR,,,
PCDH9,,,
MRPL57,,,
PSMG3,,,
CAPZA2,,,
CZH9orf85,,,
NFE2L2,,,
UQCR10,,,
NDUFV1,,,
PTK2,,,
CTTN,,,
HERC2,,,
COMMD8,,,
MIX23,,,
MINDY1,,,
DLGAP4,,,
LOC100222757,,,
TIAL1,,,
PHLPP2,,,
LASP1,,,
STXBP5L,,,
ENAH,,,
RPL21,,,
OXR1,,,
TMEM181,,,
CELF6,,,
ZRANB2,,,
KMT2A,,,
PDCD2L,,,
CCT5,,,
PRUNE2,,,
RPS6,,,
TAF13,,,
CNIH4,,,
PYURF,,,
PIGY,,,
AKAP13,,,
LSM14B,,,
G0S2,,,
DBI,,,
PDAP1,,,
RPA2,,,
CHMP6,,,
PCGF5,,,
TIMELESS,,,
CACNG2,,,
CBL,,,
SH3GLB1,,,
SF3B6,,,
SLC4A10,,,
RPL32,,,
LOC100222277,,,
ADAM22,,,
HYPK,,,
FAM217B,,,
CRBN,,,
C2H18orf21,,,
OSTC,,,
NSA2,,,
TXNDC17,,,
KMT2D,,,
TMEM18,,,
SLC25A5,,,
TTC33,,,
MPZL1,,,
RPL13,,,
MRPS34,,,
CAMK2G,,,
TEF,,,
EML6,,,
EIF2B3,,,
PPIP5K1,,,
CFAP100,,,
DYRK1A,,,
ZBTB46,,,
LOC121469624,,,
MAIP1,,,
CTDSPL,,,
RHCE,,,
UNC80,,,
ITSN1,,,
LOC115491649,,,
NEK4,,,
RNF168,,,
OGG1,,,
NRG2,,,
RBFA,,,
DIP2C,,,
LOC100229373,,,
QKI,,,
PTPRD,,,
BIVM,,,
FBXL14,,,
DNAJC19,,,
CASKIN1,,,
TBL1XR1,,,
IGF2R,,,
NCBP1,,,
ZFHX4,,,
E2F6,,,
TOB2,,,
CAAP1,,,
RNF185,,,
DPH5,,,
LOC100218707,,,
VAMP4,,,
ANAPC15,,,
SH3PXD2A,,,
RPS15,,,
LOC100222722,,,
TAGLN3,,,
RPL37,,,
PRPF4B,,,
GAP43,,,
SRFBP1,,,
MTRES1,,,
LOC100189978,,,
THUMPD2,,,
LOC101233937,,,
KATNBL1,,,
AFF4,,,
GTF2H5,,,
EEF1A1,,,
SPOPL,,,
COPS3,,,
GGNBP2,,,
UGCG,,,
ARGLU1,,,
NLK,,,
NUDCD3,,,
HERC1,,,
BRIX1,,,
LYZ,,,
FKBP3,,,
MCF2L,,,
GNB1,,,
LOC100218414,,,
NPY,,,
SOX6,,,
PEX11B,,,
RPL36A,,,
SYT16,,,
RPS27L,,,
FKBP1B,,,
RPS12,,,
CENPK,,,
DLD,,,
PRCC,,,
MYO16,,,
FAM149A,,,
SPCS3,,,
HACD2,,,
WASHC4,,,
MFSD11,,,
MBTD1,,,
FRYL,,,
BNIP3L,,,
RNF170,,,
LOC115491272,,,
ATP5ME,,,
TUBD1,,,
LOC115498206,,,
RPL11,,,
FAM168B,,,
RPL36,,,
DAD1,,,
CKS1B,,,
TCF20,,,
ETS2,,,
EIF2B2,,,
LCOR,,,
COMMD3,,,
LOC100221315,,,
EXOC5,,,
DNAJB4,,,
SLC35A1,,,
GSTZ1,,,
UBE2V1,,,
C9H2orf72,,,
AKAP17A,,,
ELL,,,
GPN2,,,
LOC100218287,,,
CNOT6,,,
KDM2B,,,
GRAMD4,,,
SLC7A5,,,
PFDN4,,,
MZT1,,,
TMEM41A,,,
LOC100232386,,,
KCNC2,,,
PLLP,,,
SPIN1,,,
RYR2,,,
APBA1,,,
SLC9A3R2,,,
EEF1D,,,
SNRPA1,,,
PKNOX1,,,
HTR4,,,
EHBP1,,,
MOCS2,,,
SLC10A4,,,
NOL9,,,
POLG,,,
PEBP1,,,
LOC100227575,,,
OXCT1,,,
PLRG1,,,
OGT,,,
LOC100227898,,,
BFAR,,,
RPLP2,,,
LMO3,,,
EIF4H,,,
CCNL2,,,
POLDIP3,,,
LOC100227536,,,
VPS26A,,,
RASSF9,,,
BOLA2B,,,
HECTD4,,,
PLEKHA5,,,
TRIM8,,,
MRPS10,,,
NDUFB6,,,
TIMP3,,,
CAP2,,,
WDR61,,,
LOC115491289,,,
LOC115491294,,,
BORCS7,,,
IRF2BP2,,,
MAPRE1,,,
ARMC6,,,
LOC116806881,,,
KDM7A,,,
ROBO1,,,
MPV17,,,
LOC121470606,,,
LRRC75B,,,
CD74,,,
POLR2E,,,
C4AH8orf48,,,
NEDD4L,,,
RPS17,,,
LOC100190109,,,
RPL29,,,
LOC100226818,,,
SELENOF,,,
TAF9B,,,
LOC100190722,,,
KLHL4,,,
ACCS,,,
PROCA1,,,
KCNN2,,,
PSMA6,,,
UBL5,,,
LOC115495502,,,
B4GALT6,,,
ARPC3,,,
PPA1,,,
LOC105760834,,,
AP4S1,,,
PCSK1,,,
PRXL2A,,,
CBX3,,,
TARS1,,,
NKIRAS2,,,
ZBTB10,,,
TNRC18,,,
COQ7,,,
GADD45B,,,
TTYH3,,,
CELF2,,,
CLTC,,,
EIF4G1,,,
U2AF1,,,
IMMP1L,,,
CWC15,,,
ZBTB1,,,
LOC100223159,,,
JCAD,,,
MAP2,,,
TOMM6,,,
NELFA,,,
ALDH1L2,,,
LOC100224175,,,
LOC121471115,,,
SMIM8,,,
VIT,,,
HDAC9,,,
RSBN1,,,
UHRF1BP1,,,
ATP5MK,,,
MRTFB,,,
CZH18orf32,,,
PRDM10,,,
THSD7A,,,
MTSS2,,,
HIKESHI,,,
NT5C1A,,,
ABHD13,,,
GRK3,,,
NEDD1,,,
RASL12,,,
MRPL23,,,
BACE2,,,
PRKCA,,,
HSBP1L1,,,
TSPAN14,,,
CMTR1,,,
PARVA,,,
DYNLT1,,,
OSBPL6,,,
PSMD12,,,
WDFY3,,,
RPF2,,,
SERINC5,,,
AKAP8L,,,
HNRNPK,,,
LETM1,,,
DGKZ,,,
LOC115491002,,,
MAP1B,,,
COPS5,,,
TNRC6C,,,
STX7,,,
ACYP1,,,
HIPK3,,,
NTS,,,
SLC25A12,,,
LOC101233756,,,
LOC115498249,,,
WAPL,,,
MAP4K4,,,
SURF4,,,
ALKBH5,,,
KDELR3,,,
DDX17,,,
DDX42,,,
SPAG9,,,
DIDO1,,,
MORC2,,,
RWDD1,,,
JAGN1,,,
PRKACB,,,
SNAPIN,,,
FRMD4A,,,
MRPS35,,,
SDHAF2,,,
LOC115497033,,,
NR2C2,,,
LOC116808883,,,
LOC116807699,,,
HARBI1,,,
RPA1,,,
ALMS1,,,
POU3F2,,,
ARPC5,,,
CENPS,,,
AUH,,,
LOC121468191,,,
FXR1,,,
ADCY2,,,
GPC4,,,
COG6,,,
AGRN,,,
GRIA2,,,
LOC100189940,,,
WDR26,,,
NFYA,,,
MARCKS,,,
PTPRZ1,,,
HP1BP3,,,
SUFU,,,
LOC100224290,,,
LOC100225375,,,
MRPL42,,,
SOX4,,,
PARP1,,,
LOC115498242,,,
ISCU,,,
C2CD5,,,
POLD3,,,
SCAF11,,,
C1H12orf57,,,
MANEA,,,
TDP1,,,
ATP2C1,,,
EIF3F,,,
ZNF385C,,,
TMED7,,,
SOCS6,,,
YES1,,,
PPP4R3A,,,
FAM135A,,,
TBL1X,,,
UBTD1,,,
DUT,,,
LPIN2,,,
LOC100227175,,,
BLOC1S2,,,
VTN,,,
NDUFB3,,,
LAMTOR2,,,
LAPTM4B,,,
CNOT9,,,
LYRM4,,,
PIGT,,,
CNIH1,,,
ZBTB20,,,
VMA21,,,
MRPS25,,,
NR4A3,,,
LOC100224567,,,
SDHD,,,
LOC100218173,,,
CLIP2,,,
PDZD11,,,
NOP16,,,
PSMB7,,,
UBE2O,,,
RASL11A,,,
SLC4A4,,,
LOC121469956,,,
DYDC1,,,
SLC38A2,,,
LOC105759899,,,
WDR3,,,
SOD1,,,
CA4,,,
PHF12,,,
CCK,,,
ATP11C,,,
SIVA1,,,
PRDX6,,,
KANSL1,,,
TATDN1,,,
COBLL1,,,
LOC115495951,,,
DESI1,,,
LOC116806641,,,
PAPLN,,,
NUMB,,,
FRG1,,,
FMNL2,,,
PSMD7,,,
CALM1,,,
C12H3orf14,,,
SEMA4D,,,
METTL21A,,,
DIAPH2,,,
HNRNPH1,,,
TCF15,,,
HDGFL3,,,
RYR3,,,
LOC100228253,,,
LOC100226365,,,
TMEM150C,,,
LOC100229272,,,
MRPL14,,,
LOC100190025,,,
TMEM167A,,,
POC1A,,,
FGD3,,,
C17H9orf116,,,
LOC121468025,,,
LOC100190505,,,
LAMTOR3,,,
PICALM,,,
RAPGEF2,,,
PTPRJ,,,
SLTM,,,
TMOD1,,,
C17H9orf16,,,
BBLN,,,
MRPS17,,,
MDK,,,
RELN,,,
SQSTM1,,,
CALD1,,,
TMX4,,,
NDUFB8,,,
GIT2,,,
KDM5A,,,
RBMS1,,,
ELOVL1,,,
TAFA2,,,
MKNK2,,,
SAT1,,,
NUFIP2,,,
DDAH1,,,
SPTY2D1,,,
MINAR1,,,
BTBD10,,,
SNX2,,,
ATP2B1,,,
PAX6,,,
FBXW11,,,
DGKH,,,
NFIC,,,
DNAJC13,,,
FAM81A,,,
FAXC,,,
TTLL7,,,
DERL3,,,
LOC121468399,,,
VSIG1,,,
PSMD10,,,
VGLL4,,,
RCOR3,,,
FER,,,
PJA2,,,
CREB1,,,
GARNL3,,,
ANK1,,,
RHPN1,,,
HNRNPUL2,,,
GPX1,,,
UBXN6,,,
HLF,,,
ASB5,,,
DENND5A,,,
PNOC,,,
SET,,,
LOC116806888,,,
AMMECR1,,,
FRMPD4,,,
ANKRD37,,,
ERLEC1,,,
EFCAB2,,,
WASL,,,
EGR3,,,
XPC,,,
ENO2,,,
LOC121468825,,,
FAM3C,,,
UBASH3B,,,
ZNHIT6,,,
LOC100221426,,,
DCUN1D4,,,
NT5DC1,,,
LNX2,,,
LOC100190115,,,
SYNJ1,,,
SPRED2,,,
CACYBP,,,
ACHE,,,
LOC116807655,,,
WARS1,,,
CACNB4,,,
GALNT10,,,
GNB4,,,
KIF2A,,,
CSRP2,,,
TMSB15B,,,
RPS3,,,
PROSER2,,,
TTC32,,,
NCOA3,,,
NEK9,,,
ACACA,,,
USP13,,,
ANKRD11,,,
LOC100224701,,,
RPLP0,,,
HACD1,,,
CXCR4,,,
GRIN1,,,
LOC115493363,,,
NDRG3,,,
EPHA7,,,
DCLK1,,,
PARN,,,
SPIRE1,,,
BDP1,,,
KXD1,,,
HTR2C,,,
PRKAR1A,,,
LOC100226213,,,
MFSD1,,,
SATB1,,,
SOCS5,,,
ROCK2,,,
TMEM199,,,
BMI1,,,
UBE2Q2,,,
ABHD12B,,,
HECTD1,,,
LOC105758560,,,
RAPGEF6,,,
ARMH4,,,
MLC1,,,
COPE,,,
LOC115491911,,,
LOC115491769,,,
GADD45G,,,
CHST12,,,
GEMIN2,,,
RO60,,,
SSR4,,,
YEATS4,,,
PSMC5,,,
HSCB,,,
C2CD3,,,
ADRM1,,,
RAB11FIP3,,,
LOC100219485,,,
LOC100222254,,,
SPECC1,,,
PTPN11,,,
NDUFAF6,,,
RPL37A,,,
CAMSAP1,,,
NSG1,,,
TANC2,,,
LOC121469585,,,
DSCAM,,,
CKAP5,,,
ZCCHC10,,,
EML5,,,
ZC3H14,,,
ZNF638,,,
LOC121470233,,,
PPP1R12A,,,
C2H8orf82,,,
GATA2,,,
ARF4,,,
CDK1,,,
RPL24,,,
MTX2,,,
ARFGAP1,,,
DCTN4,,,
ATP6V1E1,,,
C1QB,,,
ATP9B,,,
ARHGDIA,,,
APOO,,,
JPT1,,,
SIX3,,,
RPL18A,,,
EPB41L5,,,
UCHL5,,,
GRIN2B,,,
TSPAN15,,,
PPM1H,,,
PPP1R9A,,,
ZBTB33,,,
GRM8,,,
SDF4,,,
ZNF319,,,
SNX7,,,
GTF2E2,,,
SLC20A2,,,
FBXL20,,,
CRY2,,,
PELI2,,,
MTURN,,,
UPF3B,,,
SOX5,,,
SYT12,,,
NEURL1B,,,
PALS2,,,
UQCRH,,,
TVP23A,,,
DENND1A,,,
DCXR,,,
SYNC,,,
ATP6V1A,,,
WSB2,,,
COQ9,,,
NT5C3A,,,
DOCK3,,,
TAF5,,,
FLVCR1,,,
STMN3,,,
HNRNPLL,,,
TLE3,,,
ABCA2,,,
PITPNB,,,
SMIM7,,,
PACC1,,,
CCNYL1,,,
PMS1,,,
SPTBN1,,,
LOC115495473,,,
ADAM17,,,
KIF5C,,,
SUGP2,,,
USP1,,,
GNAL,,,
RAB4B,,,
LARP4,,,
PSMD11,,,
LOC100228810,,,
EIF4ENIF1,,,
DESI2,,,
VPS45,,,
RALGPS1,,,
WDR24,,,
CSNK1E,,,
GABRB2,,,
LOC121470669,,,
ATP11A,,,
CACNG4,,,
SACS,,,
CTIF,,,
UNK,,,
TIMP2,,,
ABHD14B,,,
DRG2,,,
TBPL1,,,
FBXL3,,,
CASKIN2,,,
TMEM248,,,
SPCS2,,,
TENM2,,,
COPS9,,,
CCM2,,,
TMEM256,,,
PDXDC1,,,
ZZEF1,,,
HECW1,,,
FMR1,,,
PPP1R11,,,
LOC116807682,,,
IARS1,,,
LOC100220086,,,
DSTN,,,
CMBL,,,
SAMD4A,,,
LOC100190699,,,
ARNT2,,,
SMAD2,,,
TMED2,,,
WLS,,,
EIF3L,,,
ATG13,,,
BTBD11,,,
TYW5,,,
KIAA1549L,,,
TP53BP2,,,
PHF5A,,,
LOC100221996,,,
LOC115493835,,,
LOC100230263,,,
NQO2,,,
LOC100190610,,,
MICOS10,,,
VEGFA,,,
GTF2F2,,,
ALDH7A1,,,
ZFAND3,,,
ATG9A,,,
SYT4,,,
LOC105759048,,,
NFYC,,,
EZH1,,,
PSMG2,,,
CCDC88A,,,
NDUFA7,,,
SLC38A1,,,
ATP8A2,,,
LEPROTL1,,,
CALB1,,,
MRPL41,,,
ADGRB3,,,
SEC24A,,,
LOC121470659,,,
CIAO2B,,,
MMS19,,,
MICU1,,,
RBFOX2,,,
RANBP3,,,
ZSWIM5,,,
MED30,,,
RBMS3,,,
LOC121468710,,,
RSL24D1,,,
KRTCAP3,,,
MRPL55,,,
DDX27,,,
LOC105760267,,,
CTXN2,,,
AP2M1,,,
LOC100223126,,,
CTCF,,,
LOC100227107,,,
TRMT10B,,,
USP20,,,
SEPTIN3,,,
TBC1D7,,,
RHOA,,,
SLC49A3,,,
PSMA7,,,
ANAPC1,,,
LOC121468769,,,
CEP19,,,
TARBP1,,,
STYX,,,
CISD2,,,
HNRNPR,,,
LOC116806940,,,
ATG101,,,
LOC115496933,,,
ATG7,,,
SURF2,,,
GORASP2,,,
MON2,,,
IRS2,,,
MRPL17,,,
BTG1,,,
RPRM,,,
SLC32A1,,,
LPGAT1,,,
TMEM186,,,
SNRPE,,,
DYNLT2,,,
LOC100190410,,,
RANBP3L,,,
PHGDH,,,
DNAJC3,,,
RPL12,,,
SHISA5,,,
PGM3,,,
TRABD,,,
FBXL5,,,
ADAMTS1,,,
L3MBTL1,,,
ZCCHC14,,,
MYO5A,,,
LIMCH1,,,
VPS13D,,,
DNAAF9,,,
USP4,,,
CREBBP,,,
SNRPD1,,,
RRAS2,,,
LOC121470343,,,
IFTAP,,,
UGGT1,,,
TMED8,,,
LOC101233247,,,
H2AFV,,,
TGFBRAP1,,,
LOC115490629,,,
RTCA,,,
PKIA,,,
CRKL,,,
POLD1,,,
CDH15,,,
LSM3,,,
EAF2,,,
METAP2,,,
HECA,,,
FSCN1,,,
RPAIN,,,
LOC115495870,,,
SGSH,,,
CRHR2,,,
MRPS31,,,
ADGRV1,,,
GART,,,
ZCCHC8,,,
SLC39A7,,,
LOC115498551,,,
LOC121469845,,,
ATXN7L1,,,
KPNA6,,,
MRPS24,,,
IL6ST,,,
HMBOX1,,,
POLR2G,,,
LOC100218635,,,
NME2,,,
PLPP3,,,
POLR2K,,,
PLCB1,,,
TELO2,,,
IFT140,,,
DGKI,,,
SIDT1,,,
NDUFV3,,,
PCP4,,,
HAGH,,,
TRPM7,,,
ARHGAP21,,,
MMGT1,,,
LOC115496051,,,
MARCHF7,,,
LEMD3,,,
HYOU1,,,
ARPP21,,,
CSDE1,,,
LOC100218152,,,
ZNF410,,,
TMTC3,,,
GPR22,,,
RPRD1B,,,
PMVK,,,
ACTL6A,,,
MRPL48,,,
GPN3,,,
TSHZ2,,,
CCDC47,,,
FARP2,,,
NR3C1,,,
FAM162A,,,
AK3,,,
KIFC1,,,
CSTF3,,,
LRRN1,,,
DNAJB12,,,
SENP1,,,
SYNGR3,,,
RCAN2,,,
FOXO1,,,
HNRNPH3,,,
KCTD4,,,
MKS1,,,
PIK3R6,,,
TSPO,,,
POLDIP2,,,
EPRS1,,,
UBE3A,,,
MGAT3,,,
STAG1,,,
MRPL39,,,
MAPK14,,,
LOC116809332,,,
ARPC5L,,,
RSRP1,,,
ZBTB37,,,
BTBD8,,,
ABCD2,,,
RSF1,,,
RPP38,,,
TMEM258,,,
LOC116807717,,,
FKBP9,,,
VCL,,,
TPGS2,,,
ARMC8,,,
USF3,,,
DLGAP1,,,
RPL19,,,
FAM32A,,,
PAIP1,,,
GALNT7,,,
ADM,,,
TRDMT1,,,
STX17,,,
MED26,,,
LOC105758604,,,
PIGK,,,
P4HB,,,
RAB40C,,,
ARHGAP32,,,
KAT2B,,,
EIF1B,,,
DDB1,,,
NECAP2,,,
IL1RAPL2,,,
MEAF6,,,
LOC116808807,,,
LOC115494014,,,
HNRNPA3,,,
BTF3L4,,,
XYLT2,,,
RAVER2,,,
LRRC3B,,,
TLK2,,,
LOC100217665,,,
UMAD1,,,
PRPF8,,,
BAMBI,,,
LOC101233820,,,
ELAVL2,,,
MAPK8IP3,,,
LOC100190731,,,
MED21,,,
MAGI1,,,
CCNL1,,,
ANK3,,,
LOC115497275,,,
BLMH,,,
UNC119,,,
GPC6,,,
TAB1,,,
LOC100231535,,,
UFM1,,,
MRPL12,,,
PTTG1,,,
ZW10,,,
FRY,,,
ID2,,,
ARMC1,,,
LOC100221461,,,
PRDX4,,,
GHITM,,,
PPP1R10,,,
LOC100226145,,,
D1DR,,,
LPIN1,,,
SRSF4,,,
ANAPC10,,,
MIEN1,,,
RB1CC1,,,
TMEM63B,,,
RABL2A,,,
LOC115496385,,,
UBR1,,,
LOC100224555,,,
UBE2L3,,,
C22H2orf42,,,
SYCP3,,,
ELMO1,,,
RAD50,,,
CHCHD7,,,
TLE5,,,
METTL22,,,
MRPL49,,,
RAI2,,,
JADE2,,,
DNAJC6,,,
LOC115495250,,,
OVOL1,,,
SRC,,,
LOC100222565,,,
LTN1,,,
SORD,,,
RSBN1L,,,
SLITRK5,,,
LSM1,,,
PBDC1,,,
TATDN3,,,
HTATSF1,,,
LOC115492903,,,
FAM83H,,,
AK7,,,
SIKE1,,,
TCOF1,,,
FOXG1,,,
AP2S1,,,
MAP1A,,,
SEH1L,,,
TMEM179,,,
C5H14orf180,,,
KBTBD11,,,
RPS6KA3,,,
RPL10A,,,
EMC8,,,
ARID4A,,,
LOC121470307,,,
SH3GL3,,,
LOC116807714,,,
LOC116807719,,,
STX1A,,,
PTPA,,,
IGSF11,,,
ALCAM,,,
DDA1,,,
PCDH1,,,
CCAR1,,,
LOC115494899,,,
ALKBH3,,,
GAPVD1,,,
RNF215,,,
LOC100231812,,,
DDX6,,,
MRPL40,,,
CCT8,,,
SUSD6,,,
PARK7,,,
TP53I11,,,
LOC115492635,,,
PPP1R17,,,
LOC100232391,,,
CYCS,,,
ZFAND6,,,
GID8,,,
RIDA,,,
NRIP1,,,
DDX24,,,
RPL7A,,,
PHAF1,,,
TBC1D15,,,
THNSL1,,,
FCHSD2,,,
SEPTIN7,,,
LIMD1,,,
MTCH2,,,
KALRN,,,
SMC6,,,
TPM1,,,
TRIAP1,,,
NECAB2,,,
RANGAP1,,,
B3GNT9,,,
SNRK,,,
SZT2,,,
ABL1,,,
RGS9,,,
MALSU1,,,
TXN2,,,
FLRT2,,,
PDCD5,,,
EPC1,,,
PLEKHO1,,,
PURB,,,
SLC35B4,,,
ASF1A,,,
MAPK1,,,
ASTN1,,,
C1GALT1C1,,,
SLITRK2,,,
DCUN1D1,,,
ARPC4,,,
LOC105759117,,,
MRPS22,,,
ODC1,,,
SRP54,,,
LOC105759192,,,
STIM2,,,
PGAM1,,,
TMEM185A,,,
EVL,,,
SRSF1,,,
FBXO4,,,
ERC1,,,
POP4,,,
DNAJC15,,,
PLEC,,,
ZCCHC9,,,
RPS6KA5,,,
PSMB2,,,
C21H1orf174,,,
LARP1,,,
PAPOLA,,,
GOSR2,,,
ETV3,,,
CDC42,,,
LOC121470461,,,
PIK3CA,,,
RBM15,,,
LOC121469813,,,
LOC105760106,,,
C7H2orf76,,,
GNG3,,,
PTBP1,,,
RABGAP1,,,
EIF4G3,,,
CHCHD1,,,
LRCH3,,,
MRTO4,,,
CCT2,,,
RPS19BP1,,,
IWS1,,,
CGRRF1,,,
PNISR,,,
SLC45A4,,,
UBE2Q1,,,
LOC101234096,,,
SEC61A2,,,
LOC100225649,,,
SGCE,,,
THOC3,,,
CRYZL1,,,
GLO1,,,
USP45,,,
DEPTOR,,,
ATL2,,,
MAPKBP1,,,
ANKRD26,,,
NFX1,,,
JPH3,,,
ZNF365,,,
MIEF1,,,
UBE2C,,,
DYNLL2,,,
PGM2L1,,,
ACADM,,,
CARMIL1,,,
LOC105760973,,,
YWHAQ,,,
RNF180,,,
IMP4,,,
PRR7,,,
TTC28,,,
CYRIA,,,
GRTP1,,,
DYNLT2B,,,
KCNMA1,,,
LOC100226456,,,
TNKS2,,,
TPMT,,,
LOC121468831,,,
NRXN3,,,
CKS2,,,
MRAS,,,
KCNIP1,,,
AAMDC,,,
LOC100225532,,,
ZFYVE28,,,
KLHL13,,,
ZER1,,,
CACNA1B,,,
PCMTD2,,,
PUM2,,,
STRN3,,,
PIP5K1C,,,
PLA2G15,,,
NFYB,,,
CRACD,,,
PPIL1,,,
USP32,,,
TCEA2,,,
ATL1,,,
LOC115491288,,,
CDH2,,,
MYL6,,,
PNKD,,,
RPS6KC1,,,
SLC43A2,,,
FGF9,,,
SMARCA2,,,
KRR1,,,
MED6,,,
FAT3,,,
SPARC,,,
CBX6,,,
SORBS1,,,
RPL35,,,
DEPDC4,,,
BRD7,,,
CEP83,,,
PAG1,,,
TMEM121,,,
DLAT,,,
PLEKHA1,,,
GCLM,,,
LOC100218808,,,
CARD19,,,
SP4,,,
MOSMO,,,
RNPEPL1,,,
LOC121470403,,,
SLC12A9,,,
SLC25A24,,,
POP5,,,
GRSF1,,,
USP48,,,
LOC101234054,,,
LSP1,,,
MTHFD1,,,
COPS2,,,
SDHC,,,
CALCRL,,,
EPAS1,,,
TGFB3,,,
TRPV1,,,
PRTFDC1,,,
SACM1L,,,
ULK2,,,
FUCA1,,,
OPRD1,,,
CLCN4,,,
RRP8,,,
ZNF644,,,
GNAI2,,,
CSNK2A2,,,
LOC100226306,,,
ABCE1,,,
MMADHC,,,
JMJD1C,,,
FBXL2,,,
LOC100228612,,,
RAB3IL1,,,
TOR1B,,,
ING5,,,
SLC24A2,,,
GSTT2B,,,
FAT1,,,
SMTN,,,
DNAJC25,,,
LOC105758806,,,
LOC115490588,,,
LOC101234056,,,
OGA,,,
SNX12,,,
ACAA2,,,
LRP12,,,
TBC1D12,,,
LOC100220115,,,
SERTAD2,,,
STK16,,,
MDGA2,,,
CIBAR1,,,
MOSPD2,,,
RPGRIP1L,,,
CIR1,,,
NFKBIE,,,
ISG20L2,,,
TOMM7,,,
SMIM20,,,
PIGO,,,
NUB1,,,
FMN2,,,
RWDD4,,,
RGS8,,,
FIGN,,,
DTX2,,,
ATG2B,,,
CLVS2,,,
LOC105759344,,,
VPS8,,,
B3GALT6,,,
LOC121469952,,,
LOC115497094,,,
LOC121470424,,,
LOC115491631,,,
LOC115490557,,,
TESK2,,,
FNBP4,,,
ADGRL3,,,
ZGPAT,,,
BDH1,,,
DDIAS,,,
COL4A2,,,
SULF2,,,
EIF5B,,,
NUBPL,,,
BACH2,,,
NAV3,,,
TXNDC12,,,
TCERG1,,,
TBC1D13,,,
ZNHIT1,,,
LOC100225003,,,
BORCS8,,,
NTRK3,,,
UBR5,,,
NFKBIA,,,
GTPBP2,,,
LOC115496254,,,
GYG1,,,
EXOSC3,,,
ANKS1A,,,
NIFK,,,
MCEE,,,
MDH2,,,
LOC100231218,,,
RPS25,,,
ERO1B,,,
DNAJB5,,,
PARD6A,,,
FSTL4,,,
CSDC2,,,
AHR,,,
KATNB1,,,
CACNA1I,,,
NDUFS2,,,
ZNF280D,,,
HDAC4,,,
PHF21A,,,
RSU1,,,
RETREG1,,,
LOC100230718,,,
EMP2,,,
ARHGEF12,,,
BRAF,,,
WWOX,,,
LOC105758980,,,
EDIL3,,,
RTF1,,,
LOC100228466,,,
RCBTB1,,,
TDRD3,,,
CWC22,,,
PBX1,,,
DDIT4,,,
RBM39,,,
SLC25A26,,,
KATNAL1,,,
ETNK1,,,
CTSD,,,
WNT7A,,,
NAP1L4,,,
ANKH,,,
CASP8AP2,,,
MAML1,,,
LOC121468363,,,
ARPC2,,,
TWF1,,,
AKAP11,,,
EIF2B1,,,
NTPCR,,,
VPS11,,,
PPP2R1A,,,
NDUFB4,,,
NR2F1,,,
SARNP,,,
RNF114,,,
TMEM242,,,
SLC35F1,,,
UBE3D,,,
TEX2,,,
GRID2,,,
PODXL2,,,
LOC121468349,,,
PCNT,,,
DYRK4,,,
TRPC3,,,
SLC7A14,,,
EXOSC1,,,
RBM41,,,
EIF3B,,,
TRAF3IP1,,,
CAMTA1,,,
NDUFA4,,,
FKBP11,,,
LSM6,,,
VHL,,,
LOC100221272,,,
TSPAN18,,,
RNF38,,,
IREB2,,,
REST,,,
NRG1,,,
ADAM12,,,
SETD7,,,
SMS,,,
AK5,,,
TIPRL,,,
CCND1,,,
ISCA2,,,
BABAM1,,,
MAP6D1,,,
NAP1L1,,,
DDI2,,,
SPRN,,,
CACNA1H,,,
VWA8,,,
GNA12,,,
XAB2,,,
MTIF3,,,
PICK1,,,
KCNS2,,,
BPHL,,,
ETF1,,,
IQGAP1,,,
LAMA5,,,
THUMPD1,,,
PLK2,,,
LOC100223647,,,
F2R,,,
OGFRL1,,,
CADPS,,,
MOCS3,,,
HADH,,,
LOC101234219,,,
ACOT13,,,
FAM13A,,,
KIAA0232,,,
LOC121469627,,,
KIF3C,,,
TMEM240,,,
DIXDC1,,,
CLOCK,,,
FNIP1,,,
SLC22A15,,,
SUPT7L,,,
SNX16,,,
CEP250,,,
MAST2,,,
LOC116806863,,,
C2H5orf22,,,
SF3B3,,,
LOC100226244,,,
LOC100221517,,,
CCDC167,,,
SRP68,,,
PTCD2,,,
PRKAB2,,,
ST3GAL2,,,
AKAP6,,,
CRADD,,,
LOC121468887,,,
IDUA,,,
NFS1,,,
NUDT12,,,
STARD4,,,
CEP128,,,
LBHD2,,,
CXCL12,,,
ESYT2,,,
C3H1orf198,,,
ZC3H6,,,
TMBIM6,,,
HEATR5B,,,
SYN3,,,
MLLT3,,,
CHSY1,,,
GAS7,,,
PBRM1,,,
ZNF830,,,
FOXN3,,,
CWC25,,,
SMARCA1,,,
LOC100227890,,,
LOC121468888,,,
LOC115493107,,,
TPI1,,,
LOC100227951,,,
CEMIP2,,,
PEX26,,,
ATG16L1,,,
ZNRF2,,,
PSMC6,,,
CACTIN,,,
SNRNP48,,,
CTSB,,,
PRKAR2A,,,
PDHA1,,,
LOC116808866,,,
SLC30A9,,,
SUCLA2,,,
POGLUT1,,,
TIMM17A,,,
GRIA3,,,
PPP4R2,,,
PRADC1,,,
NBR1,,,
FAF2,,,
HNRNPU,,,
LOC100230797,,,
PLEKHA6,,,
PPM1B,,,
USP9X,,,
RNF165,,,
FUS,,,
LENG1,,,
SSR1,,,
MMUT,,,
CNTN2,,,
LOC100222320,,,
PALM2AKAP2,,,
VPS13A,,,
RAB11FIP4,,,
CNEP1R1,,,
SUCO,,,
EIF3H,,,
MAPT,,,
PTRH2,,,
CMTM8,,,
AGPAT4,,,
ATXN3,,,
FAM76A,,,
SRI,,,
LOC116806969,,,
PTN,,,
NSMCE2,,,
SYT17,,,
TAB3,,,
RIC1,,,
KMT5B,,,
NONO,,,
ASCL3,,,
CACUL1,,,
PLAAT1,,,
LOC100230549,,,
KIF5B,,,
ST8SIA5,,,
PTPRU,,,
HEPACAM,,,
NOP58,,,
NEBL,,,
TYK2,,,
ZC3H3,,,
POGLUT3,,,
RPL6,,,
PRDM4,,,
LOC105758648,,,
TOMM5,,,
SDHAF4,,,
TNS3,,,
LOC115495057,,,
POLR2H,,,
TSTD2,,,
GGT5,,,
TRAK1,,,
ATG3,,,
VPS4B,,,
CITED2,,,
CSTF1,,,
LOC100231208,,,
LOC116809048,,,
DCAF7,,,
WDR33,,,
FLI1,,,
NCOA6,,,
NAXD,,,
NALCN,,,
ZNF384,,,
EIF1AX,,,
MAP7D2,,,
ACBD3,,,
RBFOX1,,,
LOC100224313,,,
LOC105759159,,,
UBP1,,,
LRIG1,,,
DPF3,,,
EDF1,,,
LOC100220846,,,
DHRS7,,,
TRMU,,,
MSN,,,
GMCL1,,,
ENTPD1,,,
BLOC1S1,,,
YEATS2,,,
EIF2S1,,,
SSB,,,
NALF1,,,
SIRT5,,,
FCF1,,,
FRMD6,,,
ABHD14A,,,
WSCD1,,,
PXMP4,,,
PCNX1,,,
LINGO2,,,
VBP1,,,
DDHD2,,,
LOC105758827,,,
ATXN7,,,
PDE4D,,,
PRXL2C,,,
MTRF1L,,,
FAM98B,,,
HMGN2,,,
ACTN1,,,
MED22,,,
DISC1,,,
RPSA,,,
FGD6,,,
FABP5,,,
IGF1,,,
PSD3,,,
UXS1,,,
FAM161A,,,
GATC,,,
C8H1orf21,,,
LOC100220752,,,
NDC1,,,
SRRM4,,,
DDOST,,,
ABCG4,,,
MRPL18,,,
SUCLG1,,,
LRRTM3,,,
SLC12A5,,,
AGPAT1,,,
LOC100229500,,,
HTT,,,
FOS,,,
PPIH,,,
LOC121470996,,,
PDIA4,,,
EPHA5,,,
TMEM14A,,,
NTAN1,,,
GRIK2,,,
LOC100221738,,,
TMEM120B,,,
SYVN1,,,
CADM2,,,
RFTN2,,,
DHRS7B,,,
RGS20,,,
C1D,,,
LRRC8C,,,
TMCO1,,,
LOC100220563,,,
OSBPL11,,,
FAAP100,,,
EFL1,,,
CABP1,,,
WSB1,,,
FOCAD,,,
DRP2,,,
RASD1,,,
STUM,,,
LOC100230220,,,
SPRY2,,,
MAN1B1,,,
TOM1L2,,,
STAM,,,
FRS2,,,
AJAP1,,,
GAPDH,,,
VAPB,,,
MED10,,,
WIF1,,,
PRKCE,,,
LOC115497582,,,
LOC100219417,,,
ENO1,,,
TNIP1,,,
LOC115490856,,,
RALGAPA1,,,
CAB39L,,,
RAB7A,,,
LOC121470366,,,
SORL1,,,
PTDSS2,,,
ABHD6,,,
MIDEAS,,,
SCAF4,,,
SLITRK4,,,
POLR2L,,,
AGFG1,,,
DACH1,,,
ATF1,,,
SASH1,,,
PHC3,,,
TAOK1,,,
ABHD15,,,
CHMP1B,,,
CTTNBP2NL,,,
UBE2K,,,
SRRM1,,,
RUSC2,,,
SEC61G,,,
FAM110D,,,
LOC115495535,,,
LOC100224823,,,
SSBP1,,,
LOC100225098,,,
AGAP3,,,
DRAM2,,,
ZFAND2A,,,
GAD2,,,
LOC100219615,,,
TMEM63C,,,
TNIK,,,
RASSF8,,,
ZNF346,,,
NLGN1,,,
TXLNA,,,
ALDH4A1,,,
ACVR2A,,,
NT5E,,,
LOC100189947,,,
EHD3,,,
SCRIB,,,
CCDC134,,,
RAMAC,,,
BSG,,,
SCRT2,,,
ZCCHC24,,,
RND1,,,
STX12,,,
SPOUT1,,,
PGAP1,,,
PSMD3,,,
RHBDL3,,,
LOC100220927,,,
MCOLN3,,,
R3HDM1,,,
OPRL1,,,
GPATCH2,,,
EPB41,,,
LRTM2,,,
CLPTM1,,,
LOC100229528,,,
FOXK2,,,
PHACTR2,,,
LOC115494354,,,
PFDN2,,,
KLHL14,,,
CRELD2,,,
GGT7,,,
HPCAL4,,,
NMNAT2,,,
MRPL2,,,
ZBTB47,,,
DDT,,,
CRABP1,,,
BPTF,,,
SNRPB2,,,
DRG1,,,
RTN4R,,,
UHRF1,,,
OGFR,,,
HIF1A,,,
KARS1,,,
MIB1,,,
FRZB,,,
RBM19,,,
RPS26,,,
KLHL8,,,
TMEFF1,,,
FOSL2,,,
LAMA2,,,
NFRKB,,,
FAM135B,,,
JAG1,,,
EGR1,,,
SYNM,,,
BROX,,,
WWC3,,,
MSH4,,,
FNBP1,,,
SORBS2,,,
AFG1L,,,
PIGG,,,
LOC116808653,,,
LOC116806990,,,
RNF145,,,
SRSF6,,,
LIFR,,,
LOC121469679,,,
KMT2C,,,
CLASP1,,,
PKN2,,,
TET1,,,
TUBGCP4,,,
PRPF4,,,
FCHO2,,,
NR4A1,,,
LOC115494369,,,
OPN3,,,
PLXNB1,,,
LOC105759009,,,
PEX14,,,
PSEN2,,,
COL4A1,,,
RIMKLB,,,
PTBP3,,,
NCOR2,,,
CREBZF,,,
TRPS1,,,
SFXN1,,,
LOC115497918,,,
LOC115497919,,,
RIN2,,,
LOC121468682,,,
LOC105758763,,,
LOC115497294,,,
LOC100232595,,,
LURAP1,,,
FAM167A,,,
DOK6,,,
ZNF366,,,
MEIS1,,,
RPN1,,,
ANXA6,,,
FN1,,,
FAM234B,,,
CSMD2,,,
RGS19,,,
MMP24,,,
ITGA9,,,
SRSF11,,,
TBC1D4,,,
RNPC3,,,
GNPDA1,,,
CACNA1G,,,
TRNP1,,,
PAK1IP1,,,
PCDH7,,,
EPHA3,,,
CCL20,,,
SLC25A19,,,
LOC115497050,,,
SMCO4,,,
NNT,,,
GGPS1,,,
GAN,,,
LOC105760897,,,
WNK2,,,
PCLO,,,
LOC100230284,,,
TTC37,,,
MTMR12,,,
VEZT,,,
GALK1,,,
CMAS,,,
LOC115491205,,,
LRFN2,,,
PIK3AP1,,,
LOC105760690,,,
LOC121468154,,,
TRIM66,,,
TMEM39B,,,
LOC100225651,,,
TNRC6A,,,
SLC35C2,,,
LOC115496279,,,
LOC115496015,,,
LOC115495223,,,
LOC100223131,,,
ANK2,,,
ARC,,,
AARS2,,,
LOC101234119,,,
LOC121470206,,,
KCNC1,,,
CCT3,,,
DUSP5,,,
ARRDC3,,,
AK2,,,
SNAP29,,,
RUFY1,,,
ANKFN1,,,
HECTD2,,,
ASMTL,,,
ECPAS,,,
LOC115497306,,,
LOC121469711,,,
LOC121470322,,,
LOC121469470,,,
DHTKD1,,,
CFLAR,,,
PNPT1,,,
NR4A2,,,
ZNF207,,,
KIAA0753,,,
TAF5L,,,
LOC100190355,,,
TENM1,,,
KLHL29,,,
FBXO21,,,
LOC121470332,,,
CACNA2D2,,,
SEC22B,,,
LOC115498407,,,
UPRT,,,
HMGB1,,,
LOC115490978,,,
LVRN,,,
PYGL,,,
PLXND1,,,
UBE2I,,,
SULT4A1,,,
PODXL,,,
SOS1,,,
CASK,,,
MAP3K9,,,
ARHGEF7,,,
OTUD7A,,,
LOC100219837,,,
RALGAPB,,,
LOC100218848,,,
ARFGEF3,,,
NSRP1,,,
ATXN2,,,
GUCY1A2,,,
METTL18,,,
SFT2D2,,,
SOX2,,,
MSMO1,,,
BRWD3,,,
DDX20,,,
LRRC59,,,
SHF,,,
ZBTB43,,,
PCDH19,,,
SLF1,,,
LOC116806631,,,
LOC115493650,,,
LOC121469264,,,
PANX2,,,
SGK1,,,
RUFY3,,,
RAB41,,,
MECR,,,
LOC116807443,,,
FBXL12,,,
HAUS6,,,
TMLHE,,,
CELF4,,,
CREB3,,,
JUN,,,
INTS6,,,
FEN1,,,
CEP290,,,
LOC115496773,,,
LOC116806948,,,
LOC121469126,,,
LOC121469258,,,
TMEM268,,,
LOC100229347,,,
BIRC6,,,
ZFC3H1,,,